0,https://youtu.be/eLfpeg3Fofo
1,https://youtu.be/pAnK1y7qjuE
2,https://youtu.be/0AUFyFEt35g
3,https://youtu.be/X-iJZ0gfKPo
4,https://youtu.be/LlQEKB2H7z4
5,https://youtu.be/VWz8DmLbhNY
6,https://youtu.be/rQ8MFfg3DHA
7,https://youtu.be/thK4s81tEgU
8,https://youtu.be/sUZeYOLp8Ys
9,https://youtu.be/vDrZw2gqyv0
10,https://youtu.be/id0c8yuwmTg
11,https://youtu.be/PR4w-XPnpB8
12,https://youtu.be/lLg_k_QpFgQ
13,https://youtu.be/RGYIpwovVsc
14,https://youtu.be/T1ozr79pcjo
15,https://youtu.be/pok5yDw77uM
16,https://youtu.be/gKxTS22TdsQ
17,https://youtu.be/gH14nS5NC0g
18,https://youtu.be/RMJFEvHvmD0
19,https://youtu.be/a8t-GsnUHAk
20,https://youtu.be/LM19MYAuY-E
21,https://youtu.be/9-h92_qKUgU
22,https://youtu.be/S4zXetyhuxc
23,https://youtu.be/6tl-MG38-0E
24,https://youtu.be/gCb6XJ_2Z3E
25,https://youtu.be/NaKrke1EL1A
26,https://youtu.be/XkDA02FHHik
27,https://youtu.be/W3iSnJ663II
28,https://youtu.be/xeUx0AN2kCA
29,https://youtu.be/ZEE1UC90I0o
30,https://youtu.be/tuAm9KH2dkY
31,https://youtu.be/IwqEXtsvaDg
32,https://youtu.be/KEgSjGQEZnM
33,https://youtu.be/aBNyHAasnSM
34,https://youtu.be/x-1IrOEdSu0
35,https://youtu.be/TFPnK016xo0
36,https://youtu.be/X4VA5eaZjyo
37,https://youtu.be/4Njp-J2s5uw
38,https://youtu.be/k6msd9uh8nA
39,https://youtu.be/Laa2XPzsGvw
40,https://youtu.be/1gQ_-Jp5o7o
41,https://youtu.be/FIInyEWWW-s
42,https://youtu.be/RqJ1rH9M5G0
43,https://youtu.be/i_HzsHss94E
44,https://youtu.be/tLV83ndOwz4
45,https://youtu.be/7wcM9Eq3UbI
46,https://youtu.be/0306kjwhO-8
47,https://youtu.be/4gX_p1VkgA4
48,https://youtu.be/4CTGxKIzD7M
49,https://youtu.be/HvGql8HwOIM
50,https://youtu.be/efCMX7JStIo
51,https://youtu.be/arjy2v7zEI0
52,https://youtu.be/iFoqGyWhMws
53,https://youtu.be/x95oZNxW5Rc
54,https://youtu.be/WkuHLzMMTZM
55,https://youtu.be/LV1Es22E0RI
56,https://youtu.be/k0DqRstCgj4
57,https://youtu.be/zmUn7V6uuZM
58,https://youtu.be/Gif0E6jYakM
59,https://youtu.be/1CYH4F1KCw8
60,https://youtu.be/6sHIq41sI-w
61,https://youtu.be/fwmvF5ffmhg
62,https://youtu.be/cD8SYW8rjaQ
63,https://youtu.be/h3aP1cxwCyk
64,https://youtu.be/_psXn_VJ_AE
65,https://youtu.be/y6OcvS54KYQ
66,https://youtu.be/gUWDiXBNohY
67,https://youtu.be/VMMl0DopcdM
68,https://youtu.be/uwMngvoyYMw
69,https://youtu.be/Px-Pi5UjB40
70,https://youtu.be/1Opsx733bfg
71,https://youtu.be/bcu7yZBeSKw
72,https://youtu.be/UF53cptEE5k
73,https://youtu.be/vhxjEXDAy6s
74,https://youtu.be/7dGwk5-QMpc
75,https://youtu.be/WJua7KEP_oE
76,https://youtu.be/hKbNV-4b_g8
77,https://youtu.be/roughtzsCDI
78,https://youtu.be/hgeAmF7bgoE
79,https://youtu.be/Dww9UjJ4Dt8
80,https://youtu.be/6lE0AJzOb-I
81,https://youtu.be/nchkAmc49p4
82,https://youtu.be/-OfOkiVFmhM
83,https://youtu.be/UF8m2JIDjKU
84,https://youtu.be/skZxb5sBoiU
85,https://youtu.be/Oz3mm3tPKfg
86,https://youtu.be/jmNhfjzmMrU
87,https://youtu.be/2EVu6tVZUgc
88,https://youtu.be/6yIDkbbdOoE
89,https://youtu.be/F32hhOsJ14k
90,https://youtu.be/Nu2yQ1zYDYU
91,https://youtu.be/zkKP1vhArYY
92,https://youtu.be/NKVIX1Q5Ak0
93,https://youtu.be/Y90uGW5z2MM
94,https://youtu.be/vxpRxiNM2sQ
95,https://youtu.be/-9pJQkZVuTA
96,https://youtu.be/-9pJQkZVuTA
97,https://youtu.be/5_Dz-hOiZUE
98,https://youtu.be/LsbWd6sVFeo
99,https://youtu.be/AeLifhqRggg
100,https://youtu.be/nzdDUg5R_IQ
101,https://youtu.be/1Ggyu3ZTFvA
102,https://youtu.be/bTTczRe-Pj0
103,https://youtu.be/8n6pRkpVsyU
104,https://youtu.be/Ty_3Vyqrlr4
105,https://youtu.be/oR-QJtmn6ww
106,https://youtu.be/JSEQiv5Z7p4
107,https://youtu.be/yuk0LHFSlR8
108,https://youtu.be/DNH7X46gMjQ
109,https://youtu.be/D2MhwXZ8IgM
110,https://youtu.be/RIWRyggt-QY
111,https://youtu.be/Uh_6PY9am_0
112,https://youtu.be/B9FTAcOK3cA
113,https://youtu.be/H2T1yZbTMzo
114,https://youtu.be/Z6OxJMuSnx4
115,https://youtu.be/iOEjs8qW8n4
116,https://youtu.be/Zt0eKY3R9kQ
117,https://youtu.be/F-ue4ZF3kXg
118,https://youtu.be/YqAP4M_5XCs
119,https://youtu.be/-SK6cvkK4c0
120,https://youtu.be/B3KuJqe3Epg
121,https://youtu.be/n2TtQYuFfWw
122,https://youtu.be/iFUHS1Ei7qw
123,https://youtu.be/zsRyyLtcXho
124,https://youtu.be/6eEZ7DJMzuk
125,https://youtu.be/WZwr2a_lFWY
126,https://youtu.be/nRYCLOTRAK4
127,https://youtu.be/M46FRJsB0Qw
128,https://youtu.be/dLymsYC7Kmo
129,https://youtu.be/XEOCbFJjRw0
130,https://youtu.be/BVVfMFS3mgc
131,https://youtu.be/AFJPFfnzZ7w
132,https://youtu.be/tIWpr3tHzII
133,https://youtu.be/VBbeuXW8Nko
134,https://youtu.be/o6LPFLyQaOs
135,https://youtu.be/tyInv6RWL0Q
136,https://youtu.be/_qJEoSa3Ie0
137,https://youtu.be/4K4b9Z9lSwc
138,https://youtu.be/RWeyOyY_puQ
139,https://youtu.be/thpTOAS1Vgg
140,https://youtu.be/a6JmCdDs_GM
141,https://youtu.be/pYbUP6qkU7M
142,https://youtu.be/KR5CtMLuiqQ
143,https://youtu.be/z4sN05-xIs4
144,https://youtu.be/7crt2Ip93VI
145,https://youtu.be/EEEIN-mtN6c
146,https://youtu.be/eDCqnr1B3Js
147,https://youtu.be/9lSJMKi184c
148,https://youtu.be/_H7ZG7yk5Wo
149,https://youtu.be/04FdisNU3vw
150,https://youtu.be/3lcblxEZFM8
151,https://youtu.be/JE-FUZPic2E
152,https://youtu.be/0QRjfWmv6z4
153,https://youtu.be/kzvxuDCFXXY
154,https://youtu.be/afwK0Mv0IsY
155,https://youtu.be/5M69TE1yzt4
156,https://youtu.be/ShVRP09NCO4
157,https://youtu.be/brnCe8lL7l4
158,https://youtu.be/Qk52ypnGs68
159,https://youtu.be/maSoUetHock
160,https://youtu.be/uP5xdeq5VCA
161,https://youtu.be/YpatVVhT-Io
162,https://youtu.be/7QFnTQUjcHM
163,https://youtu.be/iTVfJ1j7o-A
164,https://youtu.be/QN6KVm5cRWw
165,https://youtu.be/zaorfAkeQgI
166,https://youtu.be/N2rTpglCkaE
167,https://youtu.be/yGO84ZoYXts
168,https://youtu.be/nT9MPZRzQn8
169,https://youtu.be/n1TLaZp1i8E
170,https://youtu.be/NvHD5B99rhQ
171,https://youtu.be/ZRPgtoEO6OM
172,https://youtu.be/9txzvu6eQuw
173,https://youtu.be/x9-TIy7WPQI
174,https://youtu.be/8PrNPhVexE4
175,https://youtu.be/Pj3q0ZChgFE
176,https://youtu.be/E0ZHXVp_wUE
177,https://youtu.be/oL2AlXWVbKU
178,https://youtu.be/LJVUjmNMF8c
179,https://youtu.be/DQ1hvB_L30o
180,https://youtu.be/p6XLNsJ9YrA
181,https://youtu.be/KbXV2R_Yd1E
182,https://youtu.be/JtVhwsACgTw
183,https://youtu.be/tMvg92MXUy0
184,https://youtu.be/uFXW9WSLgWw
185,https://youtu.be/YUMFYvZ_i1k
186,https://youtu.be/zYoYoBtLqOY
187,https://youtu.be/8Q7FerAVQbw
188,https://youtu.be/AEAdE9wSqwg
189,https://youtu.be/g0XpNvLWimo
190,https://youtu.be/74RzHIpZuDY
191,https://youtu.be/wyGzOSsGmkk
192,https://youtu.be/s2EQm6WPMHs
193,https://youtu.be/sk2-5BMGKx8
194,https://youtu.be/govpO1zQxzc
195,https://youtu.be/vqCUdlkmalw
196,https://youtu.be/SIuF_PRgc3s
197,https://youtu.be/7vsMnyDcUpU
198,https://youtu.be/kwP7jplJY5Y
199,https://youtu.be/1pBgMBBsv4k
200,https://youtu.be/NRlDo3JuzfI
201,https://youtu.be/qEYOyZVWlzs
202,https://youtu.be/sno_genwMz8
203,https://youtu.be/q6f-LLM1H6U
204,https://youtu.be/ntWSnDV0MYs
205,https://youtu.be/dfMELZBBVRY
206,https://youtu.be/3fDnj6zD4gE
207,https://youtu.be/N5wzkQvzp4c
208,https://youtu.be/t7hqUhdycQk
209,https://youtu.be/oaxUPPdXkaI
210,https://youtu.be/BNVxRkt3cmA
211,https://youtu.be/R1-BTf3_Mys
212,https://youtu.be/-LVdNUn7zsM
213,https://youtu.be/vGKeA3xUzxU
214,https://youtu.be/a5seeyaBMsc
215,https://youtu.be/6H1QOFBNRWs
216,https://youtu.be/7jtMbtq8wT0
217,https://youtu.be/Tuqm2YwoX10
218,https://youtu.be/GTK6ja_NJro
219,https://youtu.be/hEonbbcdCtg
220,https://youtu.be/0tVe-60aQ5Q
221,https://youtu.be/dRIMteI2hHA
222,https://youtu.be/BmOW0xiTEzo
223,https://youtu.be/ptCYIPQHoGA
224,https://youtu.be/zaYqW9s9Aok
225,https://youtu.be/nhRUyVMkaNI
226,https://youtu.be/QdZ3AzhY5Fo
227,https://youtu.be/ScSn235gQx0
228,https://youtu.be/7EZTUYwjWBs
229,https://youtu.be/V9QXQz6uE0M
230,https://youtu.be/PYGODWJgR-c
231,https://youtu.be/doXnuStEf2I
232,https://youtu.be/3fy4cqWMhyI
233,https://youtu.be/2MiQonPvlVM
234,https://youtu.be/8TeeJvcBdLA
235,https://youtu.be/aF8Fst_zonU
236,https://youtu.be/zO9RzrhYR-I
237,https://youtu.be/EYKO1za5mX0
238,https://youtu.be/dp0F18FFCTE
239,https://youtu.be/wTnwjlDhAY4
240,https://youtu.be/EkSOOiMDGiY
241,https://youtu.be/MctZLEYlU4s
242,https://youtu.be/-wKcxx1Soao
243,https://youtu.be/zZZNAsDW5rc
244,https://youtu.be/hiL2Zyl4aK0
245,https://youtu.be/2Eh9AxbfRqg
246,https://youtu.be/R9U5ZiqR-Xo
247,https://youtu.be/IuaRdAozUI0
248,https://youtu.be/pT0rl2luupY
249,https://youtu.be/h-kmwFIHa9Q
250,https://youtu.be/2TcXHDJIShI
251,https://youtu.be/osVg3YhF0QY
252,https://youtu.be/55I7BIcysFQ
253,https://youtu.be/mLA5fX3JdN4
254,https://youtu.be/euGyf09UhIg
255,https://youtu.be/x67c_lYqTQ8
256,https://youtu.be/aYru067971M
257,https://youtu.be/5W7GSJ-4ZqQ
258,https://youtu.be/0HG66p8sprM
259,https://youtu.be/tBUDRysyuMI
260,https://youtu.be/cUqEyBTx1j4
261,https://youtu.be/oqxHy4G9FMI
262,https://youtu.be/VI7IMIOIAA0
263,https://youtu.be/wmwD3tLH3hg
264,https://youtu.be/d6GDE8uKfB8
265,https://youtu.be/4cV7IJ5TPvs
266,https://youtu.be/IvBroHgDppo
267,https://youtu.be/WDfMox-q7lY
268,https://youtu.be/3aEl6jiUyOc
269,https://youtu.be/9G_fQOSvccU
270,https://youtu.be/iVSQbRNpvo0
271,https://youtu.be/fPhfnAQGB0E
272,https://youtu.be/zWUGHlefpYk
273,https://youtu.be/DMBWex5v1fE
274,https://youtu.be/TFwl7AIdWBU
275,https://youtu.be/zd5GGvWWnzU
276,https://youtu.be/XWygPKdulso
277,https://youtu.be/UnXIPDp9xIM
278,https://youtu.be/Fn7GFHT7WO4
279,https://youtu.be/tzQv6TgwuFQ
280,https://youtu.be/fEYF3T0kQEo
281,https://youtu.be/j1OUMTMwVsY
282,https://youtu.be/0KGHiRo2apM
283,https://youtu.be/cF4DJvz1pic
284,https://youtu.be/ui_YY5mJZT4
285,https://youtu.be/V8wMfIayEnc
286,https://youtu.be/isls26FGUaA
287,https://youtu.be/obX621oa9RM
288,https://youtu.be/wMCoQaE0LvQ
289,https://youtu.be/a1ENnG-s630
290,https://youtu.be/40Z9-kr504w
291,https://youtu.be/hyKBa3RNo4M
292,https://youtu.be/vDxD4HwEFdY
293,https://youtu.be/3H85SIUCY_I
294,https://youtu.be/S_IBk0RCsOo
295,https://youtu.be/v7qisJ_KuYI
296,https://youtu.be/dZdzvQPkj70
297,https://youtu.be/K8xpDBBuyJI
298,https://youtu.be/uer7k-jkk78
299,https://youtu.be/0PMa_bLbijw
300,https://youtu.be/1ESlM8D_fds
301,https://youtu.be/vg0nmaPGCNk
302,https://youtu.be/TGzFv3g3luA
303,https://youtu.be/6cBQ9DzpQRk
304,https://youtu.be/0yco8SOHz8M
305,https://youtu.be/RyqdEmxN9T8
306,https://youtu.be/kGQSmW8X1H0
307,https://youtu.be/l-qQUYcqTJs
308,https://youtu.be/YE5KxgrkK0k
309,https://youtu.be/AoifXVWLGgM
310,https://youtu.be/S9um1lm9NsQ
311,https://youtu.be/CdlqPQY7LIM
312,https://youtu.be/xn72N1Y3ABE
313,https://youtu.be/J5yphOHTaBc
314,https://youtu.be/gXtHSkW6gpw
315,https://youtu.be/-kOVdJD_4kM
316,https://youtu.be/MVMfBa_NTtI
317,https://youtu.be/cuUSALlIViA
318,https://youtu.be/lNGGNKc_r_U
319,https://youtu.be/v91KLr4R5Rw
320,https://youtu.be/OwCFaFSGQ4o
321,https://youtu.be/RwvtpZ2tfT8
322,https://youtu.be/ka9zaVL28OY
323,https://youtu.be/RQlMI0n10VY
324,https://youtu.be/oGTJkDWxR_s
325,https://youtu.be/QJEPKpR_lRc
326,https://youtu.be/wPCh5I_R0ro
327,https://youtu.be/ZI4_7iaJU6M
328,https://youtu.be/g4ELX7LyXDw
329,https://youtu.be/qODWFe6v3zA
330,https://youtu.be/-VYJKjyRjik
331,https://youtu.be/6uuBP8r3NV4
332,https://youtu.be/M4nZjrXc1BQ
333,https://youtu.be/40hpmMfT9Rk
334,https://youtu.be/RtXJbPQ3Rlw
335,https://youtu.be/p-CS6NTL5ok
336,https://youtu.be/uxTBkuo5YyA
337,https://youtu.be/5LCGn9UFNAY
338,https://youtu.be/UeFq-g0uTEo
339,https://youtu.be/B9s2N7d2aLY
340,https://youtu.be/LAn6KvsnP3E
341,https://youtu.be/gJggJj7Wznk
342,https://youtu.be/aqwJNSi0E84
343,https://youtu.be/wxs_Q2LFWNs
344,https://youtu.be/EkRACN-uz2o
345,https://youtu.be/lkcd8Mjl4Tc
346,https://youtu.be/J_Ynwy8k_Ns
347,https://youtu.be/W_CTPzCHElU
348,https://youtu.be/JOXVTjlF2pk
349,https://youtu.be/_BNlXODCoaI
350,https://youtu.be/eqe6RPRdMIY
351,https://youtu.be/uexk7jWXYmU
352,https://youtu.be/RGYIpwovVsc
353,https://youtu.be/Ks6I2rtI4ms
354,https://youtu.be/i8DLEg3Ec9I
355,https://youtu.be/GeXYOENaS0o
356,https://youtu.be/1FW0OKdDcd4
357,https://youtu.be/CQNvMyQTIHw
358,https://youtu.be/3C3hIJg4rHo
359,https://youtu.be/r1afdZk0qcI
360,https://youtu.be/WLeFYKDtw1I
361,https://youtu.be/TSA9VZduuZ4
362,https://youtu.be/5jTtU9VNALs
363,https://youtu.be/MS10Zz49FHE
364,https://youtu.be/wNxPGbk-gwA
365,https://youtu.be/f5Zedh_5DDM
366,https://youtu.be/1JX48ClBg9E
367,https://youtu.be/iewWMqeMpqU
368,https://youtu.be/TFk0M_Jhr_A
369,https://youtu.be/FZ9lJ5ctd0s
370,https://youtu.be/bSo7gYXp-bA
371,https://youtu.be/CbFh06IpSwA
372,https://youtu.be/7GqYSbc1tsM
373,https://youtu.be/x6QA3m58DQw
374,https://youtu.be/MvqB6JsRbsc
375,https://youtu.be/q_krT35dgDM
376,https://youtu.be/tSOSxwEWFA4
377,https://youtu.be/ZbB4SYJNuTo
378,https://youtu.be/4GpJHF0WyAE
379,https://youtu.be/gWIkiI_UmeE
380,https://youtu.be/GvTaLTTanJc
381,https://youtu.be/utmykx9RUEw
382,https://youtu.be/IdFeKj798hU
383,https://youtu.be/xMZ5nK5G71o
384,https://youtu.be/gOwERHxXcTs
385,https://youtu.be/6GBbTqsFog8
386,https://youtu.be/Tel9LEfAzwI
387,https://youtu.be/S4zXetyhuxc
388,https://youtu.be/gyXy0m-4bvE
389,https://youtu.be/Y9XXGztRM4Y
390,https://youtu.be/Ee15gbUiqfs
391,https://youtu.be/JRG_ZA0oPcA
392,https://youtu.be/6UyMeMyJ2yg
393,https://youtu.be/TrIkYfYc3Ks
394,https://youtu.be/GmPEWCoZkvQ
395,https://youtu.be/MwlKalNwGdk
396,https://youtu.be/dx0VcSNWdBg
397,https://youtu.be/nFGmvS8SejY
398,https://youtu.be/6G5TuESCdLw
399,https://youtu.be/jvimpjCbR-w
400,https://youtu.be/HYVDIZcb6Og
401,https://youtu.be/fBhy9cyQC2U
402,https://youtu.be/0EM-L3koV5o
403,https://youtu.be/nAFhM1bBL1Q
404,https://youtu.be/VtqT-rRQj2A
405,https://youtu.be/5FV74Nbu0i0
406,https://youtu.be/_-QY40Reub8
407,https://youtu.be/J1L3nDC4mEk
408,https://youtu.be/EVaV7AwqBWg
409,https://youtu.be/pmMjkMtpnTc
410,https://youtu.be/FD2mik4V5EE
411,https://youtu.be/XwGqz8BhHho
412,https://youtu.be/xXWyJEo6VgA
413,https://youtu.be/x3sFsHrUyLQ
414,https://youtu.be/vnS_jn2uibs
415,https://youtu.be/g4V36AfI4Ng
416,https://youtu.be/g2X2LdJAIpU
417,https://youtu.be/BS7tz2rAOSA
418,https://youtu.be/1-1TGNmQqZA
419,https://youtu.be/daoMYJv8i0c
420,https://youtu.be/qWQ1xOfUNYQ
421,https://youtu.be/4RJWqIEo_Tc
422,https://youtu.be/ZmHQbzbM8pI
423,https://youtu.be/EwLMA5XYnKI
424,https://youtu.be/NAW0idSQ6Zs
425,https://youtu.be/D7c7rBv-FUU
426,https://youtu.be/n5t0wpWJzkw
427,https://youtu.be/WUYzVohEAyE
428,https://youtu.be/B6fTdRyaRO0
429,https://youtu.be/y1iRckD1ys4
430,https://youtu.be/BMRtx-4GXEk
431,https://youtu.be/MK0mQUIktWU
432,https://youtu.be/VpaUh_BGqE0
433,https://youtu.be/RIuLaqxz5j4
434,https://youtu.be/VFioNvNNs5Y
435,https://youtu.be/uXcpLWB2eBA
436,https://youtu.be/OmetCO_ZFnI
437,https://youtu.be/6pF3HCuFHvY
438,https://youtu.be/K1FQeUXn_sc
439,https://youtu.be/uvs4nyijMZw
440,https://youtu.be/mmoAEvF_YAc
441,https://youtu.be/0NHj1g5taxk
442,https://youtu.be/8CJDwrcQOI0
443,https://youtu.be/fioEMfxpUO0
444,https://youtu.be/G6Pt0BJCzCc
445,https://youtu.be/4im-R1kqgxw
446,https://youtu.be/U9HBT6sRSZ8
447,https://youtu.be/0-FgX8wLNzY
448,https://youtu.be/3wnHiK5sKgA
449,https://youtu.be/PfUlE2LlGro
450,https://youtu.be/vHvwuBzimIU
451,https://youtu.be/djJb5iSL0Do
452,https://youtu.be/2rU_RZy2XhI
453,https://youtu.be/XAC5KRMyiQk
454,https://youtu.be/b-yLX4DFKyM
455,https://youtu.be/9_gmjmIqA4M
456,https://youtu.be/EQQajFf6IYQ
457,https://youtu.be/BziPov944O4
458,https://youtu.be/deV_DmHKwjc
459,https://youtu.be/900X9fDFLc4
460,https://youtu.be/EHgeGRU3wDI
461,https://youtu.be/mtLgabce8KQ
462,https://youtu.be/HlN2BXNJzxA
463,https://youtu.be/oDJ4ct59NC4
464,https://youtu.be/MCEcWcIww5k
465,https://youtu.be/8mYCjGdlqxE
466,https://youtu.be/3BypwfOAmGU
467,https://youtu.be/2a5zTTYaNl8
468,https://youtu.be/ZcID0Wn4zwI
469,https://youtu.be/L9ro1KjkJMg
470,https://youtu.be/Uk01FiCAk50
471,https://youtu.be/TNWMZIf7eSg
472,https://youtu.be/F4qfN5UeFvQ
473,https://youtu.be/LrggmyDhWBo
474,https://youtu.be/ur0hCdne2-s
475,https://youtu.be/2UmDrsMlXXg
476,https://youtu.be/CNeNwplE_aw
477,https://youtu.be/8BBF3vRY85M
478,https://youtu.be/HQzu7NYlZNQ
479,https://youtu.be/nVCubhQ454c
480,https://youtu.be/6SwiSpudKWI
481,https://youtu.be/F4-SxcCO5d0
482,https://youtu.be/b09U0KLv6I4
483,https://youtu.be/q_gfD3nvh-8
484,https://youtu.be/JmM04_OgajU
485,https://youtu.be/wq7ftOZBy0E
486,https://youtu.be/SdzLl-XpJt0
487,https://youtu.be/YwN-CN9EjTg
488,https://youtu.be/f4w8IbQTJpY
489,https://youtu.be/SXHJQ7CYqQM
490,https://youtu.be/4i32ANEa5mk
491,https://youtu.be/8fMnBrts2cg
492,https://youtu.be/tyBTH3hCyWo
493,https://youtu.be/hflLXh1M-is
494,https://youtu.be/pIqkDBsSJOw
495,https://youtu.be/GOgohfxl-yA
496,https://youtu.be/a_0GkKQ_nzc
497,https://youtu.be/TsD79puVGRI
498,https://youtu.be/MthLgPs7oU4
499,https://youtu.be/PzBXffEeIuQ
500,https://youtu.be/rCeM57e2BfU
501,https://youtu.be/uw_HR9jIJww
502,https://youtu.be/vvkWaI91mLM
503,https://youtu.be/hhXDFl6tmVY
504,https://youtu.be/ByHNlfmmT-w
505,https://youtu.be/9mRicqcxQro
506,https://youtu.be/sk6WiGOmlso
507,https://youtu.be/EREAScyThOM
508,https://youtu.be/XUR8QByF2As
509,https://youtu.be/WR6_QsbliUw
510,https://youtu.be/MGos22_JM1U
511,https://youtu.be/afxLaQiLu-o
512,https://youtu.be/QKv2ocGhCpY
513,https://youtu.be/EIzXAMjaJ98
514,https://youtu.be/ZHoLaLlL5lA
515,https://youtu.be/yp26FJduCFc
516,https://youtu.be/e_J64gYVqj4
517,https://youtu.be/UsaJsymfuWU
518,https://youtu.be/obzb7nlpXZ0
519,https://youtu.be/wERNFN0r-c0
520,https://youtu.be/nByyfquk0pQ
521,https://youtu.be/ewjucLierFc
522,https://youtu.be/9d5T9Hlp9As
523,https://youtu.be/ohSpvSGXfhY
524,https://youtu.be/lpv-mkmddms
525,https://youtu.be/xp35Dwy4hHM
526,https://youtu.be/Vl1kO9hObpA
527,https://youtu.be/wKyMIrBClYw
528,https://youtu.be/eelfrHtmk68
529,https://youtu.be/8wpX6164uk4
530,https://youtu.be/YA6G74gk6R8
531,https://youtu.be/3ze6drtwiE4
532,https://youtu.be/Ao2qQCqRSZs
533,https://youtu.be/OoMIAo0a2TA
534,https://youtu.be/Nkbz1te_lqI
535,https://youtu.be/TcytstV1_XE
536,https://youtu.be/6CM5iC_isug
537,https://youtu.be/zNkinODwdqk
538,https://youtu.be/_1SX7W1IfJw
539,https://youtu.be/106613NbPQ0
540,https://youtu.be/kDM5c5ImW_Y
541,https://youtu.be/VN4EusA9zmE
542,https://youtu.be/FNnYIIdTBhQ
543,https://youtu.be/Ianq_1GDzbE
544,https://youtu.be/K-Mc1SSZWm0
545,https://youtu.be/cmexUsPXwQQ
546,https://youtu.be/qTV56N-EaqM
547,https://youtu.be/PkBsfEw0zbY
548,https://youtu.be/_h7jHpfpIYg
549,https://youtu.be/G9zL-A78oRg
550,https://youtu.be/GDeiJybf8qY
551,https://youtu.be/1GqJeRPXxSs
552,https://youtu.be/ZeGm7MDq2fo
553,https://youtu.be/nqMYG2Riq54
554,https://youtu.be/Ibb5RhoKfzE
555,https://youtu.be/paFGJV0vFx4
556,https://youtu.be/eqcte1r3aiQ
557,https://youtu.be/uLUvHUzd4UA
558,https://youtu.be/Jkozsve2oKU
559,https://youtu.be/Skhwqq-iGQM
560,https://youtu.be/NC_-T581Dbs
561,https://youtu.be/lSIx8K_NMsk
562,https://youtu.be/iHSKWuVckkw
563,https://youtu.be/8C97vYXlVc0
564,https://youtu.be/98lla3Al3P8
565,https://youtu.be/5L8FXg8zbDA
566,https://youtu.be/K4tJ1k7AP-o
567,https://youtu.be/uamioRNrvQ4
568,https://youtu.be/2LAeQtKIXwM
569,https://youtu.be/JQGRg8XBnB4
570,https://youtu.be/txWmd7QKFe8
571,https://youtu.be/tsN-MkpiZB0
572,https://youtu.be/sE3z5Wjcw7E
573,https://youtu.be/TkSv0TkvTRs
574,https://youtu.be/ywAXliT2wKk
575,https://youtu.be/CUcSWac-5zM
576,https://youtu.be/Zx58FMoPZEI
577,https://youtu.be/F4oHuML9U2A
578,https://youtu.be/8dVjSvLzD1I
579,https://youtu.be/b22Ed7f0D-0
580,https://youtu.be/hspqQuuuGIw
581,https://youtu.be/499YUeNoYVE
582,https://youtu.be/K5H-GvnNz2Y
583,https://youtu.be/zI6MvzIZ3CA
584,https://youtu.be/kCSFdRf0210
585,https://youtu.be/bXlrqQKbjSM
586,https://youtu.be/dA9niwM2r9Q
587,https://youtu.be/IGKznd-4xQs
588,https://youtu.be/-r5ULxo4WD0
589,https://youtu.be/DpUHOjaEXCA
590,https://youtu.be/PZtfYDElb2s
591,https://youtu.be/CDhfIgS4aAo
592,https://youtu.be/5CcVngv5ALw
593,https://youtu.be/Mu_s7n_XUUM
594,https://youtu.be/m3DZsBw5bnE
595,https://youtu.be/ST8O-AeY3Uo
596,https://youtu.be/sbc2yBheAbo
597,https://youtu.be/sUCIzn0mRHc
598,https://youtu.be/x2XX3cNW4K0
599,https://youtu.be/0Oi8jDMvd_w
600,https://youtu.be/8Oz7DG76ibY
601,https://youtu.be/wEQpfil0IYA
602,https://youtu.be/Ib9_JrZSQc4
603,https://youtu.be/uFogEwzH4a0
604,https://youtu.be/M_eRLMCC6vU
605,https://youtu.be/xGav-z5yRiU
606,https://youtu.be/1ELGunbuvqc
607,https://youtu.be/R0kvn9GvjAY
608,https://youtu.be/zCbCV63j4do
609,https://youtu.be/C1600m4bEYo
610,https://youtu.be/0xKnmTj3v7E
611,https://youtu.be/tpLro7n3PWo
612,https://youtu.be/28naAblMZmA
613,https://youtu.be/EZykwRqGzzo
614,https://youtu.be/AwAFTVjXCeU
615,https://youtu.be/XXOS0lWMEGw
616,https://youtu.be/qQHvXJIGPX4
617,https://youtu.be/WW8EcRh7Ss4
618,https://youtu.be/wk5HW1fkBvE
619,https://youtu.be/bvPhy4unm1Q
620,https://youtu.be/UCHJNCZgGCQ
621,https://youtu.be/tz23WFb8HM0
622,https://youtu.be/Y44vb5I3OAU
623,https://youtu.be/KRh6wQmMIQY
624,https://youtu.be/W01_e6hw288
625,https://youtu.be/1Kjv-SFh-Uc
626,https://youtu.be/41Dp7Q-SM1Y
627,https://youtu.be/ADfFxRvup0c
628,https://youtu.be/RjXXSsVNncQ
629,https://youtu.be/t0IKUhydr_8
630,https://youtu.be/1OSmITtaX3o
631,https://youtu.be/8TybPXqzQ50
632,https://youtu.be/Med2XipHJJM
633,https://youtu.be/rqSF_9Zf0n4
634,https://youtu.be/0Z9R57maGvc
635,https://youtu.be/jxxoq7uqnbU
636,https://youtu.be/BmjDyCF87dE
637,https://youtu.be/3JQkHg-SEMY
638,https://youtu.be/vcqImqOVE2U
639,https://youtu.be/wg4mV6CapGg
640,https://youtu.be/b9xndFqGJ4k
641,https://youtu.be/ib_1ATfr8wM
642,https://youtu.be/QlWZluzBNxM
643,https://youtu.be/y882AFjrSOM
644,https://youtu.be/8gPQenyj1nI
645,https://youtu.be/kndITElrSwA
646,https://youtu.be/b73BI9eUkjM
647,https://youtu.be/D_F9HUTYnl0
648,https://youtu.be/1nCLBTmjJBY
649,https://youtu.be/G6JppjQSTh8
650,https://youtu.be/H-IJWqIHioA
651,https://youtu.be/74Pru-JQzRk
652,https://youtu.be/7vTg9wjPDmM
653,https://youtu.be/qsWl1--Niyg
654,https://youtu.be/1fOG_wcV_oU
655,https://youtu.be/kRbIZtUS2Ag
656,https://youtu.be/OGvwy3qhjDM
657,https://youtu.be/h97jt1XtnGQ
658,https://youtu.be/yccf1FBJyo8
659,https://youtu.be/P5uE7KDkDFE
660,https://youtu.be/iv-8-EgPEY0
661,https://youtu.be/xnku4o3tRB4
662,https://youtu.be/H7MHZpSNJQc
663,https://youtu.be/n8I8QGFA1oM
664,https://youtu.be/E8ZrPFMr_nY
665,https://youtu.be/kKS12iGFyEA
666,https://youtu.be/z-rftpZ7kCY
667,https://youtu.be/Cnz2n5VcV4Q
668,https://youtu.be/BYGeGI1Ihlc
669,https://youtu.be/wBKzjuKBSTM
670,https://youtu.be/KB0Bkll3fFs
671,https://youtu.be/lpwG8f9nt4s
672,https://youtu.be/Zjp0mdMeIPU
673,https://youtu.be/nyphItsO-vU
674,https://youtu.be/PDAqx45Duqw
675,https://youtu.be/_z4nJdLz1Hs
676,https://youtu.be/GeJAee3m3Ik
677,https://youtu.be/kLjMNZrr8YI
678,https://youtu.be/rz8zZs09Rfk
679,https://youtu.be/W9hHrW9FsZ0
680,https://youtu.be/0CbE3SqbOdY
681,https://youtu.be/rcwJvgs53Ng
682,https://youtu.be/WzbvPKfLF2g
683,https://youtu.be/Y-FhDScM_2w
684,https://youtu.be/BJUjR2N0aEM
685,https://youtu.be/Pot72yWrtPU
686,https://youtu.be/kqj0B-lwm9I
687,https://youtu.be/XEtcqRUujUc
688,https://youtu.be/1Q8J5nghxiM
689,https://youtu.be/hsJ2c3k_XeE
690,https://youtu.be/U_DhGJaoEfc
691,https://youtu.be/8kBUGGqTTzM
692,https://youtu.be/v-5jAM0Zt4w
693,https://youtu.be/XHo-w7rv5b8
694,https://youtu.be/vfSbfm5g40Q
695,https://youtu.be/zEVd9pSG85Q
696,https://youtu.be/j7_lSP8Vc3o
697,https://youtu.be/MAJ6Xk9bnew
698,https://youtu.be/zdKTgwffmdo?
699,https://youtu.be/lqfGcA7wA6E
700,https://youtu.be/VWz8DmLbhNY
701,https://youtu.be/uLvr9Q-iJcs
702,https://youtu.be/HHJB_Zbn-lQ
703,https://youtu.be/nlJp65MCqjo
704,https://youtu.be/zihoyz0u_cs
705,https://youtu.be/I5_BQAtwHws
706,https://youtu.be/W761DtH1oRg
707,https://youtu.be/39yeTdIuKJU
708,https://youtu.be/Pq_mbTSR-a0
709,https://youtu.be/Lxfl8LRab_I
710,https://youtu.be/pN0dkjp1deQ
711,https://youtu.be/SHmOpFbFgrM
712,https://youtu.be/PCAe4rXFF1I
713,https://youtu.be/2wOBbRu3OOc
714,https://youtu.be/YAUfVpLTnOM
715,https://youtu.be/J7gOqqbBW6w
716,https://youtu.be/RRJqH0Plqg8
717,https://youtu.be/5m2KBDBueAM
718,https://youtu.be/sZVB_zCBlCU
719,https://youtu.be/zeAtkPZSYBk
720,https://youtu.be/IrircflFHzw
721,https://youtu.be/VtLwAAhhXBo
722,https://youtu.be/oSG_plpPA58
723,https://youtu.be/Ng8Qihfq3GU
724,https://youtu.be/zrNxJJ7fxCk
725,https://youtu.be/Ej-PBlE4ODQ
726,https://youtu.be/y3KSD5sI0OM
727,https://youtu.be/RKLKDJ1QsLs
728,https://youtu.be/ZN6aso7870c
729,https://youtu.be/9QTZCB2Ujr8
730,https://youtu.be/UpLwQAN25so
731,https://youtu.be/eQZIceh80EY
732,https://youtu.be/EmjhISspkyY
733,https://youtu.be/J6LAzgZi8N8
734,https://youtu.be/wLfHuClrQdI
735,https://youtu.be/9TMDWIy6-Jc
736,https://youtu.be/QOdbtSqv12g
737,https://youtu.be/hF6Wds75rjg
738,https://youtu.be/ZvhpjERxJlQ
739,https://youtu.be/MY4qnUGwWIU
740,https://youtu.be/3qmsJbJasfo
741,https://youtu.be/u9OxRFab6o4
742,https://youtu.be/Fhs6Zg5Fk2s
743,https://youtu.be/0yAN3zJQPUg
744,https://youtu.be/hhlU34DloDY
745,https://youtu.be/He0-VrNzMHY
746,https://youtu.be/CQlNliuQgQM
747,https://youtu.be/khEW_JABKjw
748,https://youtu.be/l71_tgdcXIE
749,https://youtu.be/v0D6Jqvnt3w
750,https://youtu.be/RnDSODY7bVE
751,https://youtu.be/enrUVf_JTz8
752,https://youtu.be/g9wfhJRyur8
753,https://youtu.be/CWFB8HCQsu0
754,https://youtu.be/SVgkNW2cENQ
755,https://youtu.be/hfXZ6ydgZyo
756,https://youtu.be/axVvZrDz60k
757,https://youtu.be/8NaeaLW8CLY
758,https://youtu.be/SAdmzjsFVQo
759,https://youtu.be/egqDPipqIAg
760,https://youtu.be/Q1JiptOTxno
761,https://youtu.be/5wEjz3RdnKA
762,https://youtu.be/ZpMScAlOzHo
763,https://youtu.be/91fL1yk_WC0
764,https://youtu.be/f5RHf916uDU
765,https://youtu.be/5aNKhuKk7u0
766,https://youtu.be/eGCn8bvWRuU
767,https://youtu.be/DcLfutPGouk
768,https://youtu.be/WnMWElBFRvY
769,https://youtu.be/T4ZsBwwnxx8
770,https://youtu.be/cOsISALvFHM
771,https://youtu.be/mGdsghfV1ow
772,https://youtu.be/fq56d1YiLFE
773,https://youtu.be/lpMdr_5bygo
774,https://youtu.be/q7VX_rToJfI
775,https://youtu.be/PUvLe9Gucfc
776,https://youtu.be/dnXc0UQ1zq0
777,https://youtu.be/Ji7zaGcCetU
778,https://youtu.be/Cmhca-ROWwQ
779,https://youtu.be/i1oTSAhdzNQ
780,https://youtu.be/TM-gCW45YHc
781,https://youtu.be/wgmSImDoJNg
782,https://youtu.be/rtxfbnYMWaw
783,https://youtu.be/YiiqHq_kNnU
784,https://youtu.be/BDbpE6qHDSA
785,https://youtu.be/Sj0FvZGSzCo
786,https://youtu.be/0i1VFwHMedY
787,https://youtu.be/4nHMNJczXb0
788,https://youtu.be/JgoHQJQ1ORY
789,https://youtu.be/oVh49Q9fz68
790,https://youtu.be/LhHnuddEY5U
791,https://youtu.be/FQT3ny-yFOY
792,https://youtu.be/R1DiozFguJg
793,https://youtu.be/EKtxtDG2NkY
794,https://youtu.be/EADtGMSxDYg
795,https://youtu.be/UHQtUB8qrT0
796,https://youtu.be/Cn4R8Y-hRfY
797,https://youtu.be/ReyRdXsqlrE
798,https://youtu.be/qbl-vSVcI0o
799,https://youtu.be/qIuv3oyuinU
800,https://youtu.be/xT4LzAWcmds
801,https://youtu.be/qVAzkdrMI2E
802,https://youtu.be/hHd_8iZFvK8
803,https://youtu.be/TaGCTbqJKO0
804,https://youtu.be/PI-VCWkTQu8
805,https://youtu.be/TrOVgqgTRSM
806,https://youtu.be/oLH8CxDfL_Y
807,https://youtu.be/_olc9D_5y-E
808,https://youtu.be/c-fo6294xmA
809,https://youtu.be/vfJUhXyt8iw
810,https://youtu.be/kUSIdLEs2hA
811,https://youtu.be/75_-jTtBxtg
812,https://youtu.be/wjRpn51N1u8
813,https://youtu.be/uWgYrutpcGw
814,https://youtu.be/urmX0l5aBs8
815,https://youtu.be/QozQ0MJW5rM
816,https://youtu.be/B1nD7untld8
817,https://youtu.be/RQBisbBQ7X4
818,https://youtu.be/u7qbhAyBdD8
819,https://youtu.be/LBeTvES51oQ
820,https://youtu.be/40WRiOb80cg
821,https://youtu.be/ImHZg4eCOko
822,https://youtu.be/dusY_K0TDsQ
823,https://youtu.be/CVNGjg92z-g
824,https://youtu.be/Cd8UxUlqaZ8
825,https://youtu.be/0hzz4mGyehw
826,https://youtu.be/_1_rw1gU6h0
827,https://youtu.be/73--6_6bfKw
828,https://youtu.be/m5zrOZmhOKM
829,https://youtu.be/dTHVvQa42Hs
830,https://youtu.be/rsDlveRb3yA
831,https://youtu.be/LWy_Hm7ZNwY
832,https://youtu.be/iJNJeT7bA7U
833,https://youtu.be/Vj4Odk7BiTY
834,https://youtu.be/Sd4s1aVXKpU
835,https://youtu.be/4jo4RrjTH7w
836,https://youtu.be/Fk0kuSJXMy0
837,https://youtu.be/ihxh5qb-Heo
838,https://youtu.be/N8Pwejfz0rI
839,https://youtu.be/VBS1stsxtzM
840,https://youtu.be/h19xvcsW6vI
841,https://youtu.be/ASO_zypdnsQ
842,https://youtu.be/FrG4TEcSuRg
843,https://youtu.be/tF27TNC_4pc
844,https://youtu.be/UmHdefsaL6I
845,https://youtu.be/HkMNOlYcpHg
846,https://youtu.be/9bZkp7q19f0
847,https://youtu.be/n3dF0Y7deb0
848,https://youtu.be/xmN6RpmIJfw
849,https://youtu.be/h1zOhQQpw6U
850,https://youtu.be/r0pJ-mBHiV0
851,https://youtu.be/8vfiaNtF9B4
852,https://youtu.be/P_E0J2WIfw0
853,https://youtu.be/bOPHIx81bQE
854,https://youtu.be/d_AwyTp9qb0
855,https://youtu.be/3pN7REpLn3I
856,https://youtu.be/lL2Gasb6QTg
857,https://youtu.be/No5n4oRQmwI
858,https://youtu.be/OvqyNUvGiK8
859,https://youtu.be/rrUDFJ8WzG0
860,https://youtu.be/H4dO_-Cj-Ss
861,https://youtu.be/lReJuxI7z-o
862,https://youtu.be/1M1beIdYUl0
863,https://youtu.be/tg918Ogclgs
864,https://youtu.be/gRPUr6yzDWI
865,https://youtu.be/fwN_Axs7pL4
866,https://youtu.be/I191r0eLdc4
867,https://youtu.be/wNnV2D7ME7A
868,https://youtu.be/Ndy1J859n5I
869,https://youtu.be/sna6j078eOw
870,https://youtu.be/MC_SKIkZ9PE
871,https://youtu.be/9fbrjY1S73E
872,https://youtu.be/0meMvE_7i1s
873,https://youtu.be/_aOq_1T8XY0
874,https://youtu.be/nb6v2Uma82w
875,https://youtu.be/DojqyA3Ma2k
876,https://youtu.be/n3-TZ04M6F4
877,https://youtu.be/OoXh6Z4UwsE
878,https://youtu.be/42Gtm4-Ax2U
879,https://youtu.be/nM0xDI5R50E
880,https://youtu.be/d9IxdwEFk1c
881,https://youtu.be/wEkLHC7l25w
882,https://youtu.be/npttud7NkL0
883,https://youtu.be/jeqdYqsrsA0
884,https://youtu.be/BzYnNdJhZQw
885,https://youtu.be/mzYM9QKKWSg
886,https://youtu.be/EiVmQZwJhsA
887,https://youtu.be/qGWZUtfV3IU
888,https://youtu.be/NJR8Inf77Ac
889,https://youtu.be/cxcxskPKtiI
890,https://youtu.be/Rh5ok0ljrzA
891,https://youtu.be/GHu39FEFIks
892,https://youtu.be/ouR4nn1G9r4
893,https://youtu.be/js3PTlQFakk
894,https://youtu.be/HiIjdaSlFug
895,https://youtu.be/WkdtmT8A2iY
896,https://youtu.be/NHXUM-6a3dU
897,https://youtu.be/4OrCA1OInoo
898,https://youtu.be/eHir_vB1RUI
899,https://youtu.be/MHqy1JsVvIE
900,https://youtu.be/ulr0muQKjk0
901,https://youtu.be/eNmL4JiGxZQ
902,https://youtu.be/im1UUY8dQIk
903,https://youtu.be/X46z6f24c7o
904,https://youtu.be/TVUqLBRQom8
905,https://youtu.be/hsh54g9JmC0
906,https://youtu.be/CL34w0xql7s
907,https://youtu.be/35sE0gp72SU
908,https://youtu.be/k9_XH1YibcY
909,https://youtu.be/fddiUFsHYzY
910,https://youtu.be/JmM04_OgajU
911,https://youtu.be/uXfxVm3V55I
912,https://youtu.be/mrAIqeULUL0
913,https://youtu.be/SNS2tOGGGRk
914,https://youtu.be/hZmoMyFXDoI
915,https://youtu.be/AsXxuIdpkWM
916,https://youtu.be/8n9wklIG9qU
917,https://youtu.be/rYoMbEtS5So
918,https://youtu.be/9U8uA702xrE
919,https://youtu.be/Z1pGxkXyDvc
920,https://youtu.be/xRbPAVnqtcs
921,https://youtu.be/0o6TvZRVLYo
922,https://youtu.be/iLlLLBuuvVU
923,https://youtu.be/y5MAgMVwfFs
924,https://youtu.be/1ri7I32Auhg
925,https://youtu.be/H_925lEs4u0
926,https://youtu.be/8JOBpb1O5u0
927,https://youtu.be/GhtY-h4XcZ8
928,https://youtu.be/B67kWJWFW2Y
929,https://youtu.be/ni4WtSXrIiA
930,https://youtu.be/abcv7Ua1JrU
931,https://youtu.be/QTCXEQ3zmUY
932,https://youtu.be/XP7dMPSqtO0
933,https://youtu.be/YDu4erW84Eo
934,https://youtu.be/b6l-CkRJOJs
935,https://youtu.be/ZJQ6OD4yeqg
936,https://youtu.be/_M9SmNvIJug
937,https://youtu.be/X4AtFvbE07o
938,https://youtu.be/TrxDI3o-ba0
939,https://youtu.be/1deqeiFETpc
940,https://youtu.be/26_F392ir7Q
941,https://youtu.be/yMqL1iWfku4
942,https://youtu.be/yyDG3BQRdDY
943,https://youtu.be/tna90t2je-4
944,https://youtu.be/vaijpqksV8Q
945,https://youtu.be/1VQ-OJ3vCn0
946,https://youtu.be/qCPFK61Yu3M
947,https://youtu.be/NOXWwXQk53Q
948,https://youtu.be/fdQxjfv83V8
949,https://youtu.be/CaTcPBuqspE
950,https://youtu.be/AczeObkJDAM
951,https://youtu.be/QlJRgtVX1TE
952,https://youtu.be/K-B5XAxDQ8w
953,https://youtu.be/xNuxhPac1SI
954,https://youtu.be/yUCBZCNeVa8
955,https://youtu.be/_6cXT61bE2Y
956,https://youtu.be/dislD8JqdmE
957,https://youtu.be/i4PZuLp90TY
958,https://youtu.be/xi1EkmFGByA
959,https://youtu.be/UKT-8W_QTS0
960,https://youtu.be/1xKy_6QUibQ
961,https://youtu.be/gQrjiXABAHg
962,https://youtu.be/jjeqWX3_jYI
963,https://youtu.be/pIMvqENyLJM
964,https://youtu.be/DXxY_sX3rJ0
965,https://youtu.be/FaHAi8bMBjw
966,https://youtu.be/ezwgRTy8R8U
967,https://youtu.be/hX3O5v-ylC4
968,https://youtu.be/O6BJiije6m4
969,https://youtu.be/ao58vQDMVlQ
970,https://youtu.be/7k24-0GsqEs
971,https://youtu.be/JnNViu5vCjU
972,https://youtu.be/QrhHsVx9wyU
973,https://youtu.be/saRW2XmUEG8
974,https://youtu.be/pbIryiGkRTE
975,https://youtu.be/glavTVFrJuc
976,https://youtu.be/8Zu_yO4pNEY
977,https://youtu.be/GdxvD7r58ng
978,https://youtu.be/1eq9F-t02GY
979,https://youtu.be/BiorIyrjTHc
980,https://youtu.be/Q8AK_wfGhkg
981,https://youtu.be/8HFxbY8YvDk
982,https://youtu.be/X0PqkT_dnxs
983,https://youtu.be/rMtCJC39SqU
984,https://youtu.be/eZ9poBAcJUU
985,https://youtu.be/II0ZL3CLQls
986,https://youtu.be/IAtQk2kum4o
987,https://youtu.be/Gnm_-pbIgKY
988,https://youtu.be/ypit0NcNV-8
989,https://youtu.be/hztJ97XpSi8
990,https://youtu.be/3yW13T2sfKg
991,https://youtu.be/AG0jlKdB1s0
992,https://youtu.be/vLbfv-AAyvQ
993,https://youtu.be/Ihi_kJJj_8A
994,https://youtu.be/didptMJxjpE
995,https://youtu.be/NGe0hHvAGkc
996,https://youtu.be/LUrUPzLm5SI
997,https://youtu.be/aUiMaz4BNKw
998,https://youtu.be/HRTb81FpWq0
999,https://www.youtube.com/watch?v=vHS9E6JFja8&list=PLQCakH1gpYY8E5qywuZ8ngHtv88SuDT7A&index=1
1000,https://www.youtube.com/watch?v=QslJYDX3o8s
1001,https://www.youtube.com/watch?v=J_CFBjAyPWE
1002,https://www.youtube.com/watch?v=XGdbaEDVWp0
1003,https://www.youtube.com/watch?v=glXgSSOKlls
1004,https://www.youtube.com/watch?v=JFgv8bKfxEs
1005,https://www.youtube.com/watch?v=WyiIGEHQP8o
1006,https://www.youtube.com/watch?v=6uJf2IT2Zh8
1007,https://www.youtube.com/watch?v=0rtV5esQT6I
1008,https://www.youtube.com/watch?v=c7rCyll5AeY
1009,https://www.youtube.com/watch?v=ePpPVE-GGJw
1010,https://www.youtube.com/watch?v=V2hlQkVJZhE
1011,https://www.youtube.com/watch?v=i0p1bmr0EmE
1012,https://www.youtube.com/watch?v=Fm5iP0S1z9w
1013,https://www.youtube.com/watch?v=8A2t_tAjMz8
1014,https://www.youtube.com/watch?v=mAKsZ26SabQ
1015,https://www.youtube.com/watch?v=rRzxEiBLQCA
1016,https://www.youtube.com/watch?v=Se8bbsUFjC8
1017,https://www.youtube.com/watch?v=0VKcLPdY9lI
1018,https://www.youtube.com/watch?v=iciFwCnsyY4
1019,https://www.youtube.com/watch?v=YYHyAIFG3iI
1020,https://www.youtube.com/watch?v=i1n_1jrUEjU
1021,https://www.youtube.com/watch?v=lnXXfYA91Y8
1022,https://www.youtube.com/watch?v=QB4dQcxgJPY
1023,https://www.youtube.com/watch?v=JO7qQ7peKeM
1024,https://www.youtube.com/watch?v=t8YXut6_56c
1025,https://www.youtube.com/watch?v=v0f9ifrDSp8
1026,https://www.youtube.com/watch?v=y2OFPvYxZuY
1027,https://www.youtube.com/watch?v=Ue9NG1hAr78
1028,https://www.youtube.com/watch?v=0FB2EoKTK_Q
1029,https://www.youtube.com/watch?v=pFuJAIMQjHk
1030,https://www.youtube.com/watch?v=QbhmTM1cRro
1031,https://www.youtube.com/watch?v=pHtxTSiPh5I
1032,https://www.youtube.com/watch?v=3IIBVnn4eTM
1033,https://www.youtube.com/watch?v=bwmSjveL3Lc
1034,https://www.youtube.com/watch?v=dISNgvVpWlo
1035,https://www.youtube.com/watch?v=Amq-qlqbjYA
1036,https://www.youtube.com/watch?v=9pdj4iJD08s
1037,https://www.youtube.com/watch?v=AJqhKWo89FQ
1038,https://www.youtube.com/watch?v=7cjZFjWBZI0
1039,https://www.youtube.com/watch?v=rTnWMlYfxhw&list=PLaq57sKEfJob1TFjAJZy6-gar2fsI83FN
1040,https://www.youtube.com/watch?v=XsX3ATc3FbA
1041,https://www.youtube.com/watch?v=BVwAVbKYYeM
1042,https://www.youtube.com/watch?v=vecSVX1QYbQ
1043,https://www.youtube.com/watch?v=ZS6vfv4sszg
1044,https://www.youtube.com/watch?v=ORzHsIWx8UQ
1045,https://www.youtube.com/watch?v=hth1VQNPtj0
1046,https://www.youtube.com/watch?v=w7PLmEFkgPI
1047,https://www.youtube.com/watch?v=3q22SInyiX8
1048,https://www.youtube.com/watch?v=JtjxZoa_LHM
1049,https://www.youtube.com/watch?v=qqqRn0l0PKE
1050,https://www.youtube.com/watch?v=NHglTopVlKQ
1051,https://www.youtube.com/watch?v=AL2E1JDw2cA
1052,https://www.youtube.com/watch?v=xGav-z5yRiU
1053,https://www.youtube.com/watch?v=ckIGhwQtd-c
1054,https://www.youtube.com/watch?v=eHhi6g1Glhw
1055,https://www.youtube.com/watch?v=b281MAGI5G0
1056,https://www.youtube.com/watch?v=wgmSImDoJNg
1057,https://www.youtube.com/watch?v=T0iPB_JyS5g
1058,https://www.youtube.com/watch?v=R_DX64EwH9M
1059,https://www.youtube.com/watch?v=vrdk3IGcau8
1060,https://www.youtube.com/watch?v=eISomx-VMow
1061,https://www.youtube.com/watch?v=9RUeTYiJCyA
1062,https://www.youtube.com/watch?v=sS0LCjOiIhc
1063,https://www.youtube.com/watch?v=ppOWR7ZLl7Q
1064,https://www.youtube.com/watch?v=yWfsla_Uh80
1065,https://www.youtube.com/watch?v=I3dezFzsNss
1066,https://www.youtube.com/watch?v=u2pFB1dCSo4
1067,https://www.youtube.com/watch?v=SnMoDDbEccE
1068,https://www.youtube.com/watch?v=EAFcko_PGW0
1069,https://www.youtube.com/watch?v=oqxHy4G9FMI
1070,https://www.youtube.com/watch?v=j_ZnxKSPJH8
1071,https://www.youtube.com/watch?v=zlruBjfjLtc
1072,https://www.youtube.com/watch?v=839DdUWbeLw
1073,https://www.youtube.com/watch?v=Nu2yQ1zYDYU
1074,https://www.youtube.com/watch?v=oDyFLIep_SA
1075,https://www.youtube.com/watch?v=FD2mik4V5EE
1076,https://www.youtube.com/watch?v=2NlNEj2mCIg
1077,https://www.youtube.com/watch?v=LlQEKB2H7z4
1078,https://youtu.be/X-iJZ0gfKPo
1079,https://youtu.be/lqfGcA7wA6E
1080,https://youtu.be/nlJp65MCqjo
1081,https://www.youtube.com/watch?v=kOHB85vDuow
1082,https://www.youtube.com/watch?v=zndvqTc4P9I
1083,https://www.youtube.com/watch?v=mqkwT_4l6yo
1084,https://www.youtube.com/watch?v=hlEbb0h8-Jc
1085,https://www.youtube.com/watch?v=pNfTK39k55U
1086,https://www.youtube.com/watch?v=64fjJF7xrKg
1087,https://www.youtube.com/watch?v=9mQk7Evt6Vs
1088,https://www.youtube.com/watch?v=ycYLPbtxU1Q
1089,https://www.youtube.com/watch?v=3K38Fc1SV5c
1090,https://www.youtube.com/watch?v=G8APgeFfkAk
